represent,representation,nomlex,NA,NA,NA,NA,NA,NA
represent,representative,nomlex,NA,NA,NA,NA,NA,NA
consider,consideration,nomlex,NA,NA,NA,NA,NA,NA
pardon,pardon,nomlex,NA,NA,NA,NA,NA,NA
dance,dance,nomlex,NA,NA,NA,NA,NA,NA
dance,dancer,nomlex,NA,NA,NA,NA,NA,NA
debauch,debauchery,nomlex,NA,NA,NA,NA,NA,NA
rob,robbery,nomlex,NA,NA,NA,NA,NA,NA
lack,lack,nomlex,NA,NA,NA,NA,NA,NA
peruse,perusal,nomlex,NA,NA,NA,NA,NA,NA
invent,invention,nomlex,NA,NA,NA,NA,NA,NA
protest,protest,nomlex,NA,NA,NA,NA,NA,NA
commute,commuter,nomlex,NA,NA,NA,NA,NA,NA
generalize,generalization,nomlex,NA,NA,NA,NA,NA,NA
battle,battle,nomlex,NA,NA,NA,NA,NA,NA
retail,retailer,nomlex,NA,NA,NA,NA,NA,NA
research,research,nomlex,NA,NA,NA,NA,NA,NA
research,researcher,nomlex,NA,NA,NA,NA,NA,NA
compose,composer,nomlex,NA,NA,NA,NA,NA,NA
compose,composition,nomlex,NA,NA,NA,NA,NA,NA
calculate,calculation,nomlex,NA,NA,NA,NA,NA,NA
involve,involution,nomlex,NA,NA,NA,NA,NA,NA
involve,involvement,nomlex,NA,NA,NA,NA,NA,NA
extrapolate,extrapolation,nomlex,NA,NA,NA,NA,NA,NA
amaze,amazement,nomlex,NA,NA,NA,NA,NA,NA
charge,charge,nomlex,NA,NA,NA,NA,NA,NA
compensate,compensation,nomlex,NA,NA,NA,NA,NA,NA
present,presentation,nomlex,NA,NA,NA,NA,NA,NA
solicit,solicitation,nomlex,NA,NA,NA,NA,NA,NA
include,inclusion,nomlex,NA,NA,NA,NA,NA,NA
eliminate,elimination,nomlex,NA,NA,NA,NA,NA,NA
persevere,perseverance,nomlex,NA,NA,NA,NA,NA,NA
fly,flight,nomlex,NA,NA,NA,NA,NA,NA
restrict,restriction,nomlex,NA,NA,NA,NA,NA,NA
collaborate,collaboration,nomlex,NA,NA,NA,NA,NA,NA
prepay,prepayment,nomlex,NA,NA,NA,NA,NA,NA
distort,distortion,nomlex,NA,NA,NA,NA,NA,NA
repay,repayment,nomlex,NA,NA,NA,NA,NA,NA
accuse,accusation,nomlex,NA,NA,NA,NA,NA,NA
fall,fall,nomlex,NA,NA,NA,NA,NA,NA
condition,conditioner,nomlex,NA,NA,NA,NA,NA,NA
arrange,arrangement1,nomlex,NA,NA,NA,NA,NA,NA
arrange,arrangement2,nomlex,NA,NA,NA,NA,NA,NA
dissociate,dissociation,nomlex,NA,NA,NA,NA,NA,NA
disturb,disturbance,nomlex,NA,NA,NA,NA,NA,NA
specify,specification,nomlex,NA,NA,NA,NA,NA,NA
re-elect,re-election,nomlex,NA,NA,NA,NA,NA,NA
succeed,success,nomlex,NA,NA,NA,NA,NA,NA
succeed,succession,nomlex,NA,NA,NA,NA,NA,NA
succeed,successor,nomlex,NA,NA,NA,NA,NA,NA
exaggerate,exaggeration,nomlex,NA,NA,NA,NA,NA,NA
die,death,nomlex,NA,NA,NA,NA,NA,NA
conceive,conception,nomlex,NA,NA,NA,NA,NA,NA
affirm,affirmation,nomlex,NA,NA,NA,NA,NA,NA
list,list,nomlex,NA,NA,NA,NA,NA,NA
adjust,adjustment,nomlex,NA,NA,NA,NA,NA,NA
delegate,delegation,nomlex,NA,NA,NA,NA,NA,NA
encroach,encroachment,nomlex,NA,NA,NA,NA,NA,NA
enhance,enhancement,nomlex,NA,NA,NA,NA,NA,NA
devaluate,devaluation,nomlex,NA,NA,NA,NA,NA,NA
dissect,dissection,nomlex,NA,NA,NA,NA,NA,NA
enjoy,enjoyment,nomlex,NA,NA,NA,NA,NA,NA
prevent,prevention,nomlex,NA,NA,NA,NA,NA,NA
dilute,dilution,nomlex,NA,NA,NA,NA,NA,NA
underwrite,underwriter,nomlex,NA,NA,NA,NA,NA,NA
direct,direction,nomlex,NA,NA,NA,NA,NA,NA
direct,director,nomlex,NA,NA,NA,NA,NA,NA
agitate,agitation,nomlex,NA,NA,NA,NA,NA,NA
cost,cost,nomlex,NA,NA,NA,NA,NA,NA
design,design,nomlex,NA,NA,NA,NA,NA,NA
design,designer,nomlex,NA,NA,NA,NA,NA,NA
segregate,segregation,nomlex,NA,NA,NA,NA,NA,NA
savage,savagery,nomlex,NA,NA,NA,NA,NA,NA
misrepresent,misrepresentation,nomlex,NA,NA,NA,NA,NA,NA
substitute,substitution,nomlex,NA,NA,NA,NA,NA,NA
admire,admiration,nomlex,NA,NA,NA,NA,NA,NA
educate,education,nomlex,NA,NA,NA,NA,NA,NA
appear,apparition,nomlex,NA,NA,NA,NA,NA,NA
appear,appearance,nomlex,NA,NA,NA,NA,NA,NA
deliberate,deliberation,nomlex,NA,NA,NA,NA,NA,NA
resume,resumption,nomlex,NA,NA,NA,NA,NA,NA
desegregate,desegregation,nomlex,NA,NA,NA,NA,NA,NA
experiment,experiment,nomlex,NA,NA,NA,NA,NA,NA
experiment,experimentation,nomlex,NA,NA,NA,NA,NA,NA
suspect,suspicion,nomlex,NA,NA,NA,NA,NA,NA
intersect,intersection,nomlex,NA,NA,NA,NA,NA,NA
conduct,conduct,nomlex,NA,NA,NA,NA,NA,NA
infuse,infusion,nomlex,NA,NA,NA,NA,NA,NA
relocate,relocation,nomlex,NA,NA,NA,NA,NA,NA
appeal,appeal,nomlex,NA,NA,NA,NA,NA,NA
contrast,contrast,nomlex,NA,NA,NA,NA,NA,NA
predominate,predominance,nomlex,NA,NA,NA,NA,NA,NA
satisfy,satisfaction,nomlex,NA,NA,NA,NA,NA,NA
inspect,inspection,nomlex,NA,NA,NA,NA,NA,NA
exchange,exchange,nomlex,NA,NA,NA,NA,NA,NA
modify,modification,nomlex,NA,NA,NA,NA,NA,NA
redeploy,redeployment,nomlex,NA,NA,NA,NA,NA,NA
socialize,socialization,nomlex,NA,NA,NA,NA,NA,NA
contemplate,contemplation,nomlex,NA,NA,NA,NA,NA,NA
explore,exploration,nomlex,NA,NA,NA,NA,NA,NA
entertain,entertainment,nomlex,NA,NA,NA,NA,NA,NA
separate,separation,nomlex,NA,NA,NA,NA,NA,NA
address,addressee,nomlex,NA,NA,NA,NA,NA,NA
address,addressee2,nomlex,NA,NA,NA,NA,NA,NA
burgle,burglary,nomlex,NA,NA,NA,NA,NA,NA
enrol,enrollment,nomlex,NA,NA,NA,NA,NA,NA
change,change,nomlex,NA,NA,NA,NA,NA,NA
violate,violation,nomlex,NA,NA,NA,NA,NA,NA
convert,conversion,nomlex,NA,NA,NA,NA,NA,NA
engage,engagement,nomlex,NA,NA,NA,NA,NA,NA
receive,receiver,nomlex,NA,NA,NA,NA,NA,NA
study,study,nomlex,NA,NA,NA,NA,NA,NA
disavow,disavowal,nomlex,NA,NA,NA,NA,NA,NA
culminate,culmination,nomlex,NA,NA,NA,NA,NA,NA
experience,experience,nomlex,NA,NA,NA,NA,NA,NA
detonate,detonation,nomlex,NA,NA,NA,NA,NA,NA
soldier,soldiery,nomlex,NA,NA,NA,NA,NA,NA
harass,harassment,nomlex,NA,NA,NA,NA,NA,NA
repel,repulsion,nomlex,NA,NA,NA,NA,NA,NA
survey,survey,nomlex,NA,NA,NA,NA,NA,NA
permit,permission,nomlex,NA,NA,NA,NA,NA,NA
requite,requital,nomlex,NA,NA,NA,NA,NA,NA
implement,implementation,nomlex,NA,NA,NA,NA,NA,NA
specialize,specialization,nomlex,NA,NA,NA,NA,NA,NA
rediscover,rediscovery,nomlex,NA,NA,NA,NA,NA,NA
explain,explanation,nomlex,NA,NA,NA,NA,NA,NA
authorize,authorization,nomlex,NA,NA,NA,NA,NA,NA
elect,election,nomlex,NA,NA,NA,NA,NA,NA
divide,division,nomlex,NA,NA,NA,NA,NA,NA
divide,division,nomlex,NA,NA,NA,NA,NA,NA
campaign,campaign,nomlex,NA,NA,NA,NA,NA,NA
claim,claim,nomlex,NA,NA,NA,NA,NA,NA
win,winner,nomlex,NA,NA,NA,NA,NA,NA
manage,management,nomlex,NA,NA,NA,NA,NA,NA
manage,manager,nomlex,NA,NA,NA,NA,NA,NA
insulate,insulation,nomlex,NA,NA,NA,NA,NA,NA
expect,expectation,nomlex,NA,NA,NA,NA,NA,NA
immigrate,immigration,nomlex,NA,NA,NA,NA,NA,NA
suspend,suspension,nomlex,NA,NA,NA,NA,NA,NA
apply,application,nomlex,NA,NA,NA,NA,NA,NA
total,total,nomlex,NA,NA,NA,NA,NA,NA
establish,establishment,nomlex,NA,NA,NA,NA,NA,NA
manipulate,manipulation,nomlex,NA,NA,NA,NA,NA,NA
abase,abasement,nomlex,NA,NA,NA,NA,NA,NA
use,use,nomlex,NA,NA,NA,NA,NA,NA
use,user,nomlex,NA,NA,NA,NA,NA,NA
injure,injury,nomlex,NA,NA,NA,NA,NA,NA
subtract,subtraction,nomlex,NA,NA,NA,NA,NA,NA
motivate,motivation,nomlex,NA,NA,NA,NA,NA,NA
comply,complaisance,nomlex,NA,NA,NA,NA,NA,NA
comply,compliance,nomlex,NA,NA,NA,NA,NA,NA
irritate,irritation,nomlex,NA,NA,NA,NA,NA,NA
insult,insult,nomlex,NA,NA,NA,NA,NA,NA
predict,prediction,nomlex,NA,NA,NA,NA,NA,NA
duplicate,duplication,nomlex,NA,NA,NA,NA,NA,NA
doubt,doubt,nomlex,NA,NA,NA,NA,NA,NA
call,call,nomlex,NA,NA,NA,NA,NA,NA
call,caller,nomlex,NA,NA,NA,NA,NA,NA
automate,automation,nomlex,NA,NA,NA,NA,NA,NA
recommend,recommendation,nomlex,NA,NA,NA,NA,NA,NA
survive,survival,nomlex,NA,NA,NA,NA,NA,NA
survive,survivor,nomlex,NA,NA,NA,NA,NA,NA
depreciate,depreciation,nomlex,NA,NA,NA,NA,NA,NA
erode,erosion,nomlex,NA,NA,NA,NA,NA,NA
relax,relaxation,nomlex,NA,NA,NA,NA,NA,NA
remark,remark,nomlex,NA,NA,NA,NA,NA,NA
expose,exposition,nomlex,NA,NA,NA,NA,NA,NA
envelope,envelopment,nomlex,NA,NA,NA,NA,NA,NA
cooperate,cooperation,nomlex,NA,NA,NA,NA,NA,NA
warn,warning,nomlex,NA,NA,NA,NA,NA,NA
excuse,excuse,nomlex,NA,NA,NA,NA,NA,NA
urbanize,urbanization,nomlex,NA,NA,NA,NA,NA,NA
train,trainee,nomlex,NA,NA,NA,NA,NA,NA
deregulate,deregulation,nomlex,NA,NA,NA,NA,NA,NA
enslave,enslavement,nomlex,NA,NA,NA,NA,NA,NA
adjourn,adjournment,nomlex,NA,NA,NA,NA,NA,NA
hold,holder,nomlex,NA,NA,NA,NA,NA,NA
renovate,renovation,nomlex,NA,NA,NA,NA,NA,NA
annoy,annoyance,nomlex,NA,NA,NA,NA,NA,NA
demolish,demolition,nomlex,NA,NA,NA,NA,NA,NA
apportion,apportionment,nomlex,NA,NA,NA,NA,NA,NA
ride,rider,nomlex,NA,NA,NA,NA,NA,NA
work,work,nomlex,NA,NA,NA,NA,NA,NA
work,worker,nomlex,NA,NA,NA,NA,NA,NA
reproduce,reproduction,nomlex,NA,NA,NA,NA,NA,NA
reappear,reappearance,nomlex,NA,NA,NA,NA,NA,NA
remain,remainder,nomlex,NA,NA,NA,NA,NA,NA
hope,hope,nomlex,NA,NA,NA,NA,NA,NA
install,installation,nomlex,NA,NA,NA,NA,NA,NA
install,installment,nomlex,NA,NA,NA,NA,NA,NA
abandon,abandonment,nomlex,NA,NA,NA,NA,NA,NA
arrive,arrival,nomlex,NA,NA,NA,NA,NA,NA
endow,endowment,nomlex,NA,NA,NA,NA,NA,NA
dissolve,dissolution,nomlex,NA,NA,NA,NA,NA,NA
quarrel,quarrel,nomlex,NA,NA,NA,NA,NA,NA
control,control,nomlex,NA,NA,NA,NA,NA,NA
defer,deferment,nomlex,NA,NA,NA,NA,NA,NA
impose,imposition,nomlex,NA,NA,NA,NA,NA,NA
pollute,pollution,nomlex,NA,NA,NA,NA,NA,NA
federate,federation,nomlex,NA,NA,NA,NA,NA,NA
sense,sense,nomlex,NA,NA,NA,NA,NA,NA
share,share,nomlex,NA,NA,NA,NA,NA,NA
accept,acceptance,nomlex,NA,NA,NA,NA,NA,NA
atone,atonement,nomlex,NA,NA,NA,NA,NA,NA
coerce,coercion,nomlex,NA,NA,NA,NA,NA,NA
condescend,condescension,nomlex,NA,NA,NA,NA,NA,NA
attain,attainment,nomlex,NA,NA,NA,NA,NA,NA
reconstruct,reconstruction,nomlex,NA,NA,NA,NA,NA,NA
recapitalize,recapitalization,nomlex,NA,NA,NA,NA,NA,NA
exclude,exclusion,nomlex,NA,NA,NA,NA,NA,NA
cultivate,cultivation,nomlex,NA,NA,NA,NA,NA,NA
provoke,provocation,nomlex,NA,NA,NA,NA,NA,NA
allege,allegation,nomlex,NA,NA,NA,NA,NA,NA
condemn,condemnation,nomlex,NA,NA,NA,NA,NA,NA
collude,collusion,nomlex,NA,NA,NA,NA,NA,NA
turn,turn,nomlex,NA,NA,NA,NA,NA,NA
provide,provider,nomlex,NA,NA,NA,NA,NA,NA
provide,provision,nomlex,NA,NA,NA,NA,NA,NA
attract,attraction,nomlex,NA,NA,NA,NA,NA,NA
damage,damage,nomlex,NA,NA,NA,NA,NA,NA
write,writer,nomlex,NA,NA,NA,NA,NA,NA
privatize,privatization,nomlex,NA,NA,NA,NA,NA,NA
enquire,enquiry,nomlex,NA,NA,NA,NA,NA,NA
sever,severance,nomlex,NA,NA,NA,NA,NA,NA
cajole,cajolery,nomlex,NA,NA,NA,NA,NA,NA
reject,rejection,nomlex,NA,NA,NA,NA,NA,NA
answer,answer,nomlex,NA,NA,NA,NA,NA,NA
disappoint,disappointment,nomlex,NA,NA,NA,NA,NA,NA
guarantee,guarantee,nomlex,NA,NA,NA,NA,NA,NA
opine,opinion,nomlex,NA,NA,NA,NA,NA,NA
classify,classification,nomlex,NA,NA,NA,NA,NA,NA
deteriorate,deterioration,nomlex,NA,NA,NA,NA,NA,NA
express,expression,nomlex,NA,NA,NA,NA,NA,NA
attend,attendance,nomlex,NA,NA,NA,NA,NA,NA
attend,attendee,nomlex,NA,NA,NA,NA,NA,NA
attend,attention,nomlex,NA,NA,NA,NA,NA,NA
hesitate,hesitance,nomlex,NA,NA,NA,NA,NA,NA
hesitate,hesitation,nomlex,NA,NA,NA,NA,NA,NA
escalate,escalation,nomlex,NA,NA,NA,NA,NA,NA
preoccupy,preoccupation,nomlex,NA,NA,NA,NA,NA,NA
perjure,perjury,nomlex,NA,NA,NA,NA,NA,NA
perceive,perception,nomlex,NA,NA,NA,NA,NA,NA
reflect,reflection,nomlex,NA,NA,NA,NA,NA,NA
regress,regression,nomlex,NA,NA,NA,NA,NA,NA
produce,producer,nomlex,NA,NA,NA,NA,NA,NA
produce,production,nomlex,NA,NA,NA,NA,NA,NA
induce,inducement,nomlex,NA,NA,NA,NA,NA,NA
induce,induction,nomlex,NA,NA,NA,NA,NA,NA
restate,restatement,nomlex,NA,NA,NA,NA,NA,NA
irradiate,irradiation,nomlex,NA,NA,NA,NA,NA,NA
summarize,summary,nomlex,NA,NA,NA,NA,NA,NA
resent,resentment,nomlex,NA,NA,NA,NA,NA,NA
capitalize,capitalization,nomlex,NA,NA,NA,NA,NA,NA
grow,grower,nomlex,NA,NA,NA,NA,NA,NA
relinquish,relinquishment,nomlex,NA,NA,NA,NA,NA,NA
purchase,purchase,nomlex,NA,NA,NA,NA,NA,NA
refuse,refusal,nomlex,NA,NA,NA,NA,NA,NA
criticize,criticism,nomlex,NA,NA,NA,NA,NA,NA
attempt,attempt,nomlex,NA,NA,NA,NA,NA,NA
remember,remembrance,nomlex,NA,NA,NA,NA,NA,NA
correlate,correlation,nomlex,NA,NA,NA,NA,NA,NA
alienate,alienation,nomlex,NA,NA,NA,NA,NA,NA
amuse,amusement,nomlex,NA,NA,NA,NA,NA,NA
register,registration,nomlex,NA,NA,NA,NA,NA,NA
appreciate,appreciation,nomlex,NA,NA,NA,NA,NA,NA
arbitrate,arbitration,nomlex,NA,NA,NA,NA,NA,NA
stimulate,stimulation,nomlex,NA,NA,NA,NA,NA,NA
patent,patentee,nomlex,NA,NA,NA,NA,NA,NA
maintain,maintenance,nomlex,NA,NA,NA,NA,NA,NA
deposit,deposition2,nomlex,NA,NA,NA,NA,NA,NA
allow,allowance,nomlex,NA,NA,NA,NA,NA,NA
enter,entry,nomlex,NA,NA,NA,NA,NA,NA
retaliate,retaliation,nomlex,NA,NA,NA,NA,NA,NA
operate,operation,nomlex,NA,NA,NA,NA,NA,NA
order,order,nomlex,NA,NA,NA,NA,NA,NA
talk,talk,nomlex,NA,NA,NA,NA,NA,NA
ignite,ignition,nomlex,NA,NA,NA,NA,NA,NA
decide,decision,nomlex,NA,NA,NA,NA,NA,NA
devote,devotion,nomlex,NA,NA,NA,NA,NA,NA
serve,service,nomlex,NA,NA,NA,NA,NA,NA
govern,governance,nomlex,NA,NA,NA,NA,NA,NA
govern,government,nomlex,NA,NA,NA,NA,NA,NA
disarm,disarmament,nomlex,NA,NA,NA,NA,NA,NA
tempt,temptation,nomlex,NA,NA,NA,NA,NA,NA
enlarge,enlargement,nomlex,NA,NA,NA,NA,NA,NA
organize,organization,nomlex,NA,NA,NA,NA,NA,NA
pitch,pitcher,nomlex,NA,NA,NA,NA,NA,NA
embezzle,embezzlement,nomlex,NA,NA,NA,NA,NA,NA
accrete,accretion,nomlex,NA,NA,NA,NA,NA,NA
perfect,perfection,nomlex,NA,NA,NA,NA,NA,NA
derive,derivation,nomlex,NA,NA,NA,NA,NA,NA
acknowledge,acknowledgement,nomlex,NA,NA,NA,NA,NA,NA
dispose,disposal,nomlex,NA,NA,NA,NA,NA,NA
dispose,disposition,nomlex,NA,NA,NA,NA,NA,NA
comprehend,comprehension,nomlex,NA,NA,NA,NA,NA,NA
better,betterment,nomlex,NA,NA,NA,NA,NA,NA
astonish,astonishment,nomlex,NA,NA,NA,NA,NA,NA
alter,alteration,nomlex,NA,NA,NA,NA,NA,NA
ally,alliance,nomlex,NA,NA,NA,NA,NA,NA
forbear,forbearance,nomlex,NA,NA,NA,NA,NA,NA
interrelate,interrelation,nomlex,NA,NA,NA,NA,NA,NA
crash,crash,nomlex,NA,NA,NA,NA,NA,NA
finance,financier,nomlex,NA,NA,NA,NA,NA,NA
re-enter,re-entry,nomlex,NA,NA,NA,NA,NA,NA
enrich,enrichment,nomlex,NA,NA,NA,NA,NA,NA
practice,practice,nomlex,NA,NA,NA,NA,NA,NA
collide,collision,nomlex,NA,NA,NA,NA,NA,NA
introduce,introduction,nomlex,NA,NA,NA,NA,NA,NA
break,breaker,nomlex,NA,NA,NA,NA,NA,NA
interview,interview,nomlex,NA,NA,NA,NA,NA,NA
interview,interviewee,nomlex,NA,NA,NA,NA,NA,NA
accumulate,accumulation,nomlex,NA,NA,NA,NA,NA,NA
speculate,speculation,nomlex,NA,NA,NA,NA,NA,NA
complain,complaint,nomlex,NA,NA,NA,NA,NA,NA
bank,banker,nomlex,NA,NA,NA,NA,NA,NA
possess,possession,nomlex,NA,NA,NA,NA,NA,NA
assess,assessment,nomlex,NA,NA,NA,NA,NA,NA
execute,execution,nomlex,NA,NA,NA,NA,NA,NA
stabilize,stabilization,nomlex,NA,NA,NA,NA,NA,NA
evade,evasion,nomlex,NA,NA,NA,NA,NA,NA
explode,explosion,nomlex,NA,NA,NA,NA,NA,NA
merge,merger,nomlex,NA,NA,NA,NA,NA,NA
migrate,migration,nomlex,NA,NA,NA,NA,NA,NA
affiliate,affiliation,nomlex,NA,NA,NA,NA,NA,NA
found,founder,nomlex,NA,NA,NA,NA,NA,NA
consolidate,consolidation,nomlex,NA,NA,NA,NA,NA,NA
prohibit,prohibition,nomlex,NA,NA,NA,NA,NA,NA
activate,activation,nomlex,NA,NA,NA,NA,NA,NA
illuminate,illumination,nomlex,NA,NA,NA,NA,NA,NA
transform,transformation,nomlex,NA,NA,NA,NA,NA,NA
formulate,formulation,nomlex,NA,NA,NA,NA,NA,NA
evolve,evolution,nomlex,NA,NA,NA,NA,NA,NA
reduce,reduction,nomlex,NA,NA,NA,NA,NA,NA
constitute,constitution,nomlex,NA,NA,NA,NA,NA,NA
combust,combustion,nomlex,NA,NA,NA,NA,NA,NA
deride,derision,nomlex,NA,NA,NA,NA,NA,NA
calibrate,calibration,nomlex,NA,NA,NA,NA,NA,NA
measure,measurement,nomlex,NA,NA,NA,NA,NA,NA
extract,extraction,nomlex,NA,NA,NA,NA,NA,NA
contend,contention,nomlex,NA,NA,NA,NA,NA,NA
depress,depression,nomlex,NA,NA,NA,NA,NA,NA
accomplish,accomplishment,nomlex,NA,NA,NA,NA,NA,NA
radiopasteurize,radiopasteurization,nomlex,NA,NA,NA,NA,NA,NA
confess,confession,nomlex,NA,NA,NA,NA,NA,NA
testify,testament,nomlex,NA,NA,NA,NA,NA,NA
testify,testimonial,nomlex,NA,NA,NA,NA,NA,NA
testify,testimony,nomlex,NA,NA,NA,NA,NA,NA
publish,publisher,nomlex,NA,NA,NA,NA,NA,NA
repress,repression,nomlex,NA,NA,NA,NA,NA,NA
increase,increase,nomlex,NA,NA,NA,NA,NA,NA
farm,farmer,nomlex,NA,NA,NA,NA,NA,NA
encourage,encouragement,nomlex,NA,NA,NA,NA,NA,NA
equate,equation,nomlex,NA,NA,NA,NA,NA,NA
rehabilitate,rehabilitation,nomlex,NA,NA,NA,NA,NA,NA
adapt,adaptation,nomlex,NA,NA,NA,NA,NA,NA
print,printer,nomlex,NA,NA,NA,NA,NA,NA
postpone,postponement,nomlex,NA,NA,NA,NA,NA,NA
dominate,dominance,nomlex,NA,NA,NA,NA,NA,NA
dominate,domination,nomlex,NA,NA,NA,NA,NA,NA
dominate,dominion,nomlex,NA,NA,NA,NA,NA,NA
cause,cause,nomlex,NA,NA,NA,NA,NA,NA
correct,correction,nomlex,NA,NA,NA,NA,NA,NA
obsess,obsession,nomlex,NA,NA,NA,NA,NA,NA
maneuver,maneuver,nomlex,NA,NA,NA,NA,NA,NA
redevelop,redevelopment,nomlex,NA,NA,NA,NA,NA,NA
associate,association,nomlex,NA,NA,NA,NA,NA,NA
rail,raillery,nomlex,NA,NA,NA,NA,NA,NA
inscribe,inscription,nomlex,NA,NA,NA,NA,NA,NA
clarify,clarification,nomlex,NA,NA,NA,NA,NA,NA
bestow,bestowal,nomlex,NA,NA,NA,NA,NA,NA
rebel,rebellion,nomlex,NA,NA,NA,NA,NA,NA
abate,abatement,nomlex,NA,NA,NA,NA,NA,NA
imagine,image,nomlex,NA,NA,NA,NA,NA,NA
embarrass,embarrassment,nomlex,NA,NA,NA,NA,NA,NA
teach,teacher,nomlex,NA,NA,NA,NA,NA,NA
generate,generation,nomlex,NA,NA,NA,NA,NA,NA
delude,delusion,nomlex,NA,NA,NA,NA,NA,NA
advance,advancement,nomlex,NA,NA,NA,NA,NA,NA
perform,performance,nomlex,NA,NA,NA,NA,NA,NA
launch,launch,nomlex,NA,NA,NA,NA,NA,NA
connive,connivance,nomlex,NA,NA,NA,NA,NA,NA
enforce,enforcement,nomlex,NA,NA,NA,NA,NA,NA
motion,motion2,nomlex,NA,NA,NA,NA,NA,NA
initiate,initiation,nomlex,NA,NA,NA,NA,NA,NA
renew,renewal,nomlex,NA,NA,NA,NA,NA,NA
fuse,fusion,nomlex,NA,NA,NA,NA,NA,NA
oppose,opposition,nomlex,NA,NA,NA,NA,NA,NA
aspire,aspiration1,nomlex,NA,NA,NA,NA,NA,NA
retain,retention,nomlex,NA,NA,NA,NA,NA,NA
profess,profession,nomlex,NA,NA,NA,NA,NA,NA
assign,assignment,nomlex,NA,NA,NA,NA,NA,NA
lay,layer,nomlex,NA,NA,NA,NA,NA,NA
recite,recital,nomlex,NA,NA,NA,NA,NA,NA
dissatisfy,dissatisfaction,nomlex,NA,NA,NA,NA,NA,NA
incarnate,incarnation,nomlex,NA,NA,NA,NA,NA,NA
litigate,litigation,nomlex,NA,NA,NA,NA,NA,NA
graduate,graduation,nomlex,NA,NA,NA,NA,NA,NA
re-enact,re-enactment,nomlex,NA,NA,NA,NA,NA,NA
relate,relation,nomlex,NA,NA,NA,NA,NA,NA
orientate,orientation,nomlex,NA,NA,NA,NA,NA,NA
supplement,supplement,nomlex,NA,NA,NA,NA,NA,NA
confuse,confusion,nomlex,NA,NA,NA,NA,NA,NA
disburse,disbursement,nomlex,NA,NA,NA,NA,NA,NA
bombard,bombardment,nomlex,NA,NA,NA,NA,NA,NA
will,will,nomlex,NA,NA,NA,NA,NA,NA
instruct,instruction,nomlex,NA,NA,NA,NA,NA,NA
instruct,instructions,nomlex,NA,NA,NA,NA,NA,NA
betroth,betrothal,nomlex,NA,NA,NA,NA,NA,NA
deplete,depletion,nomlex,NA,NA,NA,NA,NA,NA
notify,notification,nomlex,NA,NA,NA,NA,NA,NA
carry,carrier,nomlex,NA,NA,NA,NA,NA,NA
radiate,radiation,nomlex,NA,NA,NA,NA,NA,NA
intone,intonation,nomlex,NA,NA,NA,NA,NA,NA
accommodate,accommodation,nomlex,NA,NA,NA,NA,NA,NA
illustrate,illustration,nomlex,NA,NA,NA,NA,NA,NA
negotiate,negotiation,nomlex,NA,NA,NA,NA,NA,NA
ventilate,ventilation,nomlex,NA,NA,NA,NA,NA,NA
indicate,indication,nomlex,NA,NA,NA,NA,NA,NA
interact,interaction,nomlex,NA,NA,NA,NA,NA,NA
cogenerate,cogeneration,nomlex,NA,NA,NA,NA,NA,NA
construct,construction,nomlex,NA,NA,NA,NA,NA,NA
attach,attachment,nomlex,NA,NA,NA,NA,NA,NA
attack,attack,nomlex,NA,NA,NA,NA,NA,NA
draft,draftee1,nomlex,NA,NA,NA,NA,NA,NA
draft,draftee2,nomlex,NA,NA,NA,NA,NA,NA
persecute,persecution,nomlex,NA,NA,NA,NA,NA,NA
show,show,nomlex,NA,NA,NA,NA,NA,NA
master,mastery,nomlex,NA,NA,NA,NA,NA,NA
inflate,inflation,nomlex,NA,NA,NA,NA,NA,NA
infest,infestation,nomlex,NA,NA,NA,NA,NA,NA
cite,citation,nomlex,NA,NA,NA,NA,NA,NA
boil,boiler,nomlex,NA,NA,NA,NA,NA,NA
circulate,circulation,nomlex,NA,NA,NA,NA,NA,NA
murder,murder,nomlex,NA,NA,NA,NA,NA,NA
murder,murderer,nomlex,NA,NA,NA,NA,NA,NA
accompany,accompaniment,nomlex,NA,NA,NA,NA,NA,NA
configure,configuration,nomlex,NA,NA,NA,NA,NA,NA
aerate,aeration,nomlex,NA,NA,NA,NA,NA,NA
punish,punishment,nomlex,NA,NA,NA,NA,NA,NA
acquire,acquisition,nomlex,NA,NA,NA,NA,NA,NA
regulate,regulation,nomlex,NA,NA,NA,NA,NA,NA
innovate,innovation,nomlex,NA,NA,NA,NA,NA,NA
discover,discovery,nomlex,NA,NA,NA,NA,NA,NA
employ,employee,nomlex,NA,NA,NA,NA,NA,NA
employ,employer,nomlex,NA,NA,NA,NA,NA,NA
employ,employment,nomlex,NA,NA,NA,NA,NA,NA
differentiate,differentiation,nomlex,NA,NA,NA,NA,NA,NA
consult,consultation,nomlex,NA,NA,NA,NA,NA,NA
commence,commencement,nomlex,NA,NA,NA,NA,NA,NA
infiltrate,infiltration,nomlex,NA,NA,NA,NA,NA,NA
translate,translation,nomlex,NA,NA,NA,NA,NA,NA
nominate,nomination,nomlex,NA,NA,NA,NA,NA,NA
nominate,nominee,nomlex,NA,NA,NA,NA,NA,NA
anticipate,anticipation,nomlex,NA,NA,NA,NA,NA,NA
resemble,resemblance,nomlex,NA,NA,NA,NA,NA,NA
recruit,recruitment,nomlex,NA,NA,NA,NA,NA,NA
distill,distillation,nomlex,NA,NA,NA,NA,NA,NA
project,projection,nomlex,NA,NA,NA,NA,NA,NA
medicate,medication,nomlex,NA,NA,NA,NA,NA,NA
endure,endurance,nomlex,NA,NA,NA,NA,NA,NA
espouse,espousal,nomlex,NA,NA,NA,NA,NA,NA
embody,embodiment,nomlex,NA,NA,NA,NA,NA,NA
lease,lessee,nomlex,NA,NA,NA,NA,NA,NA
declare,declaration,nomlex,NA,NA,NA,NA,NA,NA
decompose,decomposition,nomlex,NA,NA,NA,NA,NA,NA
exhibit,exhibition,nomlex,NA,NA,NA,NA,NA,NA
starve,starvation,nomlex,NA,NA,NA,NA,NA,NA
navigate,navigation,nomlex,NA,NA,NA,NA,NA,NA
subdivide,subdivision,nomlex,NA,NA,NA,NA,NA,NA
rent,rental,nomlex,NA,NA,NA,NA,NA,NA
dictate,dictation,nomlex,NA,NA,NA,NA,NA,NA
need,need,nomlex,NA,NA,NA,NA,NA,NA
mechanize,mechanization,nomlex,NA,NA,NA,NA,NA,NA
dismember,dismemberment,nomlex,NA,NA,NA,NA,NA,NA
invite,invitation,nomlex,NA,NA,NA,NA,NA,NA
sell,seller,nomlex,NA,NA,NA,NA,NA,NA
aspirate,aspiration2,nomlex,NA,NA,NA,NA,NA,NA
isolate,isolation,nomlex,NA,NA,NA,NA,NA,NA
build,builder,nomlex,NA,NA,NA,NA,NA,NA
retrench,retrenchment,nomlex,NA,NA,NA,NA,NA,NA
transmit,transmission,nomlex,NA,NA,NA,NA,NA,NA
destroy,destruction,nomlex,NA,NA,NA,NA,NA,NA
divert,diversion,nomlex,NA,NA,NA,NA,NA,NA
buff,buffer,nomlex,NA,NA,NA,NA,NA,NA
play,player,nomlex,NA,NA,NA,NA,NA,NA
pain,pain,nomlex,NA,NA,NA,NA,NA,NA
populate,population,nomlex,NA,NA,NA,NA,NA,NA
deploy,deployment,nomlex,NA,NA,NA,NA,NA,NA
quote,quotation,nomlex,NA,NA,NA,NA,NA,NA
price,price,nomlex,NA,NA,NA,NA,NA,NA
object,objection,nomlex,NA,NA,NA,NA,NA,NA
compress,compression,nomlex,NA,NA,NA,NA,NA,NA
chart,charter,nomlex,NA,NA,NA,NA,NA,NA
evaporate,evaporation,nomlex,NA,NA,NA,NA,NA,NA
react,reaction,nomlex,NA,NA,NA,NA,NA,NA
propagate,propagation,nomlex,NA,NA,NA,NA,NA,NA
plan,plan,nomlex,NA,NA,NA,NA,NA,NA
plan,planner,nomlex,NA,NA,NA,NA,NA,NA
multiply,multiplication,nomlex,NA,NA,NA,NA,NA,NA
utilize,utilization,nomlex,NA,NA,NA,NA,NA,NA
fluctuate,fluctuation,nomlex,NA,NA,NA,NA,NA,NA
model,modelling,nomlex,NA,NA,NA,NA,NA,NA
prostitute,prostitution,nomlex,NA,NA,NA,NA,NA,NA
refrigerate,refrigeration,nomlex,NA,NA,NA,NA,NA,NA
discourage,discouragement,nomlex,NA,NA,NA,NA,NA,NA
amortize,amortization,nomlex,NA,NA,NA,NA,NA,NA
average,average,nomlex,NA,NA,NA,NA,NA,NA
adopt,adoption,nomlex,NA,NA,NA,NA,NA,NA
request,request,nomlex,NA,NA,NA,NA,NA,NA
drive,driver,nomlex,NA,NA,NA,NA,NA,NA
legislate,legislation,nomlex,NA,NA,NA,NA,NA,NA
consummate,consummation,nomlex,NA,NA,NA,NA,NA,NA
place,placement,nomlex,NA,NA,NA,NA,NA,NA
readjust,readjustment,nomlex,NA,NA,NA,NA,NA,NA
rendezvous,rendezvous,nomlex,NA,NA,NA,NA,NA,NA
omit,omission,nomlex,NA,NA,NA,NA,NA,NA
constrict,constriction,nomlex,NA,NA,NA,NA,NA,NA
oppress,oppression,nomlex,NA,NA,NA,NA,NA,NA
procreate,procreation,nomlex,NA,NA,NA,NA,NA,NA
reserve,reservation,nomlex,NA,NA,NA,NA,NA,NA
bomb,bomber,nomlex,NA,NA,NA,NA,NA,NA
restore,restoration,nomlex,NA,NA,NA,NA,NA,NA
reorganize,reorganization,nomlex,NA,NA,NA,NA,NA,NA
retire,retiree,nomlex,NA,NA,NA,NA,NA,NA
retire,retirement,nomlex,NA,NA,NA,NA,NA,NA
terminate,termination,nomlex,NA,NA,NA,NA,NA,NA
connect,connection,nomlex,NA,NA,NA,NA,NA,NA
desolate,desolation,nomlex,NA,NA,NA,NA,NA,NA
polarize,polarization,nomlex,NA,NA,NA,NA,NA,NA
participate,participation,nomlex,NA,NA,NA,NA,NA,NA
utter,utterance,nomlex,NA,NA,NA,NA,NA,NA
fear,fear,nomlex,NA,NA,NA,NA,NA,NA
debate,debate,nomlex,NA,NA,NA,NA,NA,NA
help,help,nomlex,NA,NA,NA,NA,NA,NA
impact,impact,nomlex,NA,NA,NA,NA,NA,NA
disillusion,disillusionment,nomlex,NA,NA,NA,NA,NA,NA
acquit,acquittal,nomlex,NA,NA,NA,NA,NA,NA
reunite,reunion,nomlex,NA,NA,NA,NA,NA,NA
dramatize,dramatization,nomlex,NA,NA,NA,NA,NA,NA
state,statement,nomlex,NA,NA,NA,NA,NA,NA
ossify,ossification,nomlex,NA,NA,NA,NA,NA,NA
betray,betrayal,nomlex,NA,NA,NA,NA,NA,NA
integrate,integration,nomlex,NA,NA,NA,NA,NA,NA
announce,announcement,nomlex,NA,NA,NA,NA,NA,NA
announce,announcer,nomlex,NA,NA,NA,NA,NA,NA
achieve,achievement,nomlex,NA,NA,NA,NA,NA,NA
dispute,dispute,nomlex,NA,NA,NA,NA,NA,NA
prosecute,prosecution,nomlex,NA,NA,NA,NA,NA,NA
move,motion1,nomlex,NA,NA,NA,NA,NA,NA
move,movement,nomlex,NA,NA,NA,NA,NA,NA
devastate,devastation,nomlex,NA,NA,NA,NA,NA,NA
vary,variation,nomlex,NA,NA,NA,NA,NA,NA
endorse,endorsement,nomlex,NA,NA,NA,NA,NA,NA
denounce,denunciation,nomlex,NA,NA,NA,NA,NA,NA
accrue,accrual,nomlex,NA,NA,NA,NA,NA,NA
reply,reply,nomlex,NA,NA,NA,NA,NA,NA
report,report,nomlex,NA,NA,NA,NA,NA,NA
report,reporter,nomlex,NA,NA,NA,NA,NA,NA
penetrate,penetration,nomlex,NA,NA,NA,NA,NA,NA
reprove,reproval,nomlex,NA,NA,NA,NA,NA,NA
trade,trade,nomlex,NA,NA,NA,NA,NA,NA
trade,trader,nomlex,NA,NA,NA,NA,NA,NA
intensify,intensification,nomlex,NA,NA,NA,NA,NA,NA
celebrate,celebration,nomlex,NA,NA,NA,NA,NA,NA
reveal,revelation,nomlex,NA,NA,NA,NA,NA,NA
imprison,imprisonment,nomlex,NA,NA,NA,NA,NA,NA
resolve,resolution,nomlex,NA,NA,NA,NA,NA,NA
co-operate,co-operation,nomlex,NA,NA,NA,NA,NA,NA
hospitalize,hospitalization,nomlex,NA,NA,NA,NA,NA,NA
remove,removal,nomlex,NA,NA,NA,NA,NA,NA
proclaim,proclamation,nomlex,NA,NA,NA,NA,NA,NA
investigate,investigation,nomlex,NA,NA,NA,NA,NA,NA
erupt,eruption,nomlex,NA,NA,NA,NA,NA,NA
sterlize,sterilization,nomlex,NA,NA,NA,NA,NA,NA
contain,container,nomlex,NA,NA,NA,NA,NA,NA
contain,containment,nomlex,NA,NA,NA,NA,NA,NA
identify,identification,nomlex,NA,NA,NA,NA,NA,NA
disparage,disparagement,nomlex,NA,NA,NA,NA,NA,NA
require,requirement,nomlex,NA,NA,NA,NA,NA,NA
preach,preacher,nomlex,NA,NA,NA,NA,NA,NA
transact,transaction,nomlex,NA,NA,NA,NA,NA,NA
conform,conformation,nomlex,NA,NA,NA,NA,NA,NA
signify,significance,nomlex,NA,NA,NA,NA,NA,NA
expel,expulsion,nomlex,NA,NA,NA,NA,NA,NA
imitate,imitation,nomlex,NA,NA,NA,NA,NA,NA
resist,resistance,nomlex,NA,NA,NA,NA,NA,NA
trick,trickery,nomlex,NA,NA,NA,NA,NA,NA
reinforce,reinforcement,nomlex,NA,NA,NA,NA,NA,NA
oxidize,oxidation,nomlex,NA,NA,NA,NA,NA,NA
corrupt,corruption,nomlex,NA,NA,NA,NA,NA,NA
concern,concern,nomlex,NA,NA,NA,NA,NA,NA
detect,detection,nomlex,NA,NA,NA,NA,NA,NA
mortgage,mortgagee,nomlex,NA,NA,NA,NA,NA,NA
extradite,extradition,nomlex,NA,NA,NA,NA,NA,NA
incite,incitement,nomlex,NA,NA,NA,NA,NA,NA
tend,tender,nomlex,NA,NA,NA,NA,NA,NA
pump,pumping,nomlex,NA,NA,NA,NA,NA,NA
restitute,restitution,nomlex,NA,NA,NA,NA,NA,NA
progress,progress,nomlex,NA,NA,NA,NA,NA,NA
donate,donation,nomlex,NA,NA,NA,NA,NA,NA
approach,approach,nomlex,NA,NA,NA,NA,NA,NA
preserve,preservation,nomlex,NA,NA,NA,NA,NA,NA
avow,avowal,nomlex,NA,NA,NA,NA,NA,NA
extend,extension,nomlex,NA,NA,NA,NA,NA,NA
refine,refinement,nomlex,NA,NA,NA,NA,NA,NA
prescribe,prescription,nomlex,NA,NA,NA,NA,NA,NA
complement,complement,nomlex,NA,NA,NA,NA,NA,NA
conjoin,conjunction,nomlex,NA,NA,NA,NA,NA,NA
deliver,delivery,nomlex,NA,NA,NA,NA,NA,NA
blame,blame,nomlex,NA,NA,NA,NA,NA,NA
liquidate,liquidation,nomlex,NA,NA,NA,NA,NA,NA
complicate,complication,nomlex,NA,NA,NA,NA,NA,NA
highlight,highlight,nomlex,NA,NA,NA,NA,NA,NA
franchise,franchisee,nomlex,NA,NA,NA,NA,NA,NA
come,comeback,nomlex,NA,NA,NA,NA,NA,NA
improve,improvement,nomlex,NA,NA,NA,NA,NA,NA
improve,improvement,nomlex,NA,NA,NA,NA,NA,NA
exclaim,exclamation,nomlex,NA,NA,NA,NA,NA,NA
store,storage,nomlex,NA,NA,NA,NA,NA,NA
store,storing,nomlex,NA,NA,NA,NA,NA,NA
reverse,reversal,nomlex,NA,NA,NA,NA,NA,NA
license,licensee,nomlex,NA,NA,NA,NA,NA,NA
dedicate,dedication,nomlex,NA,NA,NA,NA,NA,NA
contract,contraction,nomlex,NA,NA,NA,NA,NA,NA
contract,contractor,nomlex,NA,NA,NA,NA,NA,NA
emit,emission,nomlex,NA,NA,NA,NA,NA,NA
assure,assurance,nomlex,NA,NA,NA,NA,NA,NA
admit,admission,nomlex,NA,NA,NA,NA,NA,NA
admit,admittance,nomlex,NA,NA,NA,NA,NA,NA
concentrate,concentration,nomlex,NA,NA,NA,NA,NA,NA
mobilize,mobilization,nomlex,NA,NA,NA,NA,NA,NA
retort,retort,nomlex,NA,NA,NA,NA,NA,NA
dislocate,dislocation,nomlex,NA,NA,NA,NA,NA,NA
approve,approval,nomlex,NA,NA,NA,NA,NA,NA
confabulate,confabulation,nomlex,NA,NA,NA,NA,NA,NA
comment,comment,nomlex,NA,NA,NA,NA,NA,NA
comment,commentary,nomlex,NA,NA,NA,NA,NA,NA
suggest,suggestion,nomlex,NA,NA,NA,NA,NA,NA
consume,consumer,nomlex,NA,NA,NA,NA,NA,NA
consume,consumption,nomlex,NA,NA,NA,NA,NA,NA
conclude,conclusion,nomlex,NA,NA,NA,NA,NA,NA
suppress,suppression,nomlex,NA,NA,NA,NA,NA,NA
embroider,embroidery,nomlex,NA,NA,NA,NA,NA,NA
solve,solution,nomlex,NA,NA,NA,NA,NA,NA
agglomerate,agglomeration,nomlex,NA,NA,NA,NA,NA,NA
subscribe,subscription,nomlex,NA,NA,NA,NA,NA,NA
exploit,exploitation,nomlex,NA,NA,NA,NA,NA,NA
indict,indictment,nomlex,NA,NA,NA,NA,NA,NA
maximize,maximization,nomlex,NA,NA,NA,NA,NA,NA
sing,singer,nomlex,NA,NA,NA,NA,NA,NA
cancel,cancellation,nomlex,NA,NA,NA,NA,NA,NA
respect,respect,nomlex,NA,NA,NA,NA,NA,NA
cohere,cohesion,nomlex,NA,NA,NA,NA,NA,NA
labor,labor,nomlex,NA,NA,NA,NA,NA,NA
labor,laborer,nomlex,NA,NA,NA,NA,NA,NA
civilize,civilization,nomlex,NA,NA,NA,NA,NA,NA
speak,speaker,nomlex,NA,NA,NA,NA,NA,NA
intrude,intrusion,nomlex,NA,NA,NA,NA,NA,NA
disintegrate,disintegration,nomlex,NA,NA,NA,NA,NA,NA
create,creation,nomlex,NA,NA,NA,NA,NA,NA
certify,certification,nomlex,NA,NA,NA,NA,NA,NA
mismanage,mismanagement,nomlex,NA,NA,NA,NA,NA,NA
concede,concession,nomlex,NA,NA,NA,NA,NA,NA
commission,commissioner,nomlex,NA,NA,NA,NA,NA,NA
interpret,interpretation,nomlex,NA,NA,NA,NA,NA,NA
entitle,entitlement,nomlex,NA,NA,NA,NA,NA,NA
qualify,qualification,nomlex,NA,NA,NA,NA,NA,NA
threaten,threat,nomlex,NA,NA,NA,NA,NA,NA
wait,waiter,nomlex,NA,NA,NA,NA,NA,NA
realize,realization,nomlex,NA,NA,NA,NA,NA,NA
define,definition,nomlex,NA,NA,NA,NA,NA,NA
describe,description,nomlex,NA,NA,NA,NA,NA,NA
exasperate,exasperation,nomlex,NA,NA,NA,NA,NA,NA
fire,firing,nomlex,NA,NA,NA,NA,NA,NA
infect,infection,nomlex,NA,NA,NA,NA,NA,NA
dismiss,dismissal,nomlex,NA,NA,NA,NA,NA,NA
protect,protection,nomlex,NA,NA,NA,NA,NA,NA
assert,assertion,nomlex,NA,NA,NA,NA,NA,NA
lift,lift-off,nomlex,NA,NA,NA,NA,NA,NA
minister,ministry,nomlex,NA,NA,NA,NA,NA,NA
demand,demand,nomlex,NA,NA,NA,NA,NA,NA
catch,catcher,nomlex,NA,NA,NA,NA,NA,NA
verify,verification,nomlex,NA,NA,NA,NA,NA,NA
spin,spin-off,nomlex,NA,NA,NA,NA,NA,NA
spin,spinoff,nomlex,NA,NA,NA,NA,NA,NA
spin,spinout,nomlex,NA,NA,NA,NA,NA,NA
diffuse,diffusion,nomlex,NA,NA,NA,NA,NA,NA
allot,allotment,nomlex,NA,NA,NA,NA,NA,NA
banish,banishment,nomlex,NA,NA,NA,NA,NA,NA
inhibit,inhibition,nomlex,NA,NA,NA,NA,NA,NA
unify,unification,nomlex,NA,NA,NA,NA,NA,NA
look,look,nomlex,NA,NA,NA,NA,NA,NA
diffract,diffraction,nomlex,NA,NA,NA,NA,NA,NA
amend,amendment,nomlex,NA,NA,NA,NA,NA,NA
reinstate,reinstatement,nomlex,NA,NA,NA,NA,NA,NA
align,alignment,nomlex,NA,NA,NA,NA,NA,NA
bill,bill,nomlex,NA,NA,NA,NA,NA,NA
tolerate,tolerance,nomlex,NA,NA,NA,NA,NA,NA
value,valuation,nomlex,NA,NA,NA,NA,NA,NA
corrode,corrosion,nomlex,NA,NA,NA,NA,NA,NA
compile,compilation,nomlex,NA,NA,NA,NA,NA,NA
ail,ailment,nomlex,NA,NA,NA,NA,NA,NA
petition,petitioner,nomlex,NA,NA,NA,NA,NA,NA
remind,reminder,nomlex,NA,NA,NA,NA,NA,NA
endanger,endangerment,nomlex,NA,NA,NA,NA,NA,NA
aid,aid,nomlex,NA,NA,NA,NA,NA,NA
guide,guidance,nomlex,NA,NA,NA,NA,NA,NA
reunify,reunification,nomlex,NA,NA,NA,NA,NA,NA
approximate,approximation,nomlex,NA,NA,NA,NA,NA,NA
reassure,reassurance,nomlex,NA,NA,NA,NA,NA,NA
apprehend,apprehension,nomlex,NA,NA,NA,NA,NA,NA
dissent,dissension,nomlex,NA,NA,NA,NA,NA,NA
contrive,contrivances,nomlex,NA,NA,NA,NA,NA,NA
disapprove,disapproval,nomlex,NA,NA,NA,NA,NA,NA
roll,roller,nomlex,NA,NA,NA,NA,NA,NA
characterize,characterization,nomlex,NA,NA,NA,NA,NA,NA
return,return,nomlex,NA,NA,NA,NA,NA,NA
incubate,incubation,nomlex,NA,NA,NA,NA,NA,NA
transfuse,transfusion,nomlex,NA,NA,NA,NA,NA,NA
conserve,conservation,nomlex,NA,NA,NA,NA,NA,NA
disappear,disappearance,nomlex,NA,NA,NA,NA,NA,NA
chase,chase,nomlex,NA,NA,NA,NA,NA,NA
portray,portrayal,nomlex,NA,NA,NA,NA,NA,NA
infringe,infringement,nomlex,NA,NA,NA,NA,NA,NA
recover,recovery,nomlex,NA,NA,NA,NA,NA,NA
develop,developer,nomlex,NA,NA,NA,NA,NA,NA
develop,development,nomlex,NA,NA,NA,NA,NA,NA
vindicate,vindication,nomlex,NA,NA,NA,NA,NA,NA
inquire,inquiry,nomlex,NA,NA,NA,NA,NA,NA
pay,payee,nomlex,NA,NA,NA,NA,NA,NA
pay,payment,nomlex,NA,NA,NA,NA,NA,NA
make,maker,nomlex,NA,NA,NA,NA,NA,NA
sight,sight,nomlex,NA,NA,NA,NA,NA,NA
reappraise,reappraisal,nomlex,NA,NA,NA,NA,NA,NA
butcher,butchery,nomlex,NA,NA,NA,NA,NA,NA
descend,descent,nomlex,NA,NA,NA,NA,NA,NA
contaminate,contamination,nomlex,NA,NA,NA,NA,NA,NA
propose,proposal,nomlex,NA,NA,NA,NA,NA,NA
propose,proposition,nomlex,NA,NA,NA,NA,NA,NA
advise,advice,nomlex,NA,NA,NA,NA,NA,NA
advise,adviser,nomlex,NA,NA,NA,NA,NA,NA
advise,advisor,nomlex,NA,NA,NA,NA,NA,NA
document,documentation,nomlex,NA,NA,NA,NA,NA,NA
revolt,revolution,nomlex,NA,NA,NA,NA,NA,NA
extrude,extrusion,nomlex,NA,NA,NA,NA,NA,NA
agress,aggression,nomlex,NA,NA,NA,NA,NA,NA
commune,communion,nomlex,NA,NA,NA,NA,NA,NA
settle,settlement,nomlex,NA,NA,NA,NA,NA,NA
raid,raider,nomlex,NA,NA,NA,NA,NA,NA
absorb,absorption,nomlex,NA,NA,NA,NA,NA,NA
defy,defiance,nomlex,NA,NA,NA,NA,NA,NA
assist,assistance,nomlex,NA,NA,NA,NA,NA,NA
disagree,disagreement,nomlex,NA,NA,NA,NA,NA,NA
effect,effect,nomlex,NA,NA,NA,NA,NA,NA
kill,killer,nomlex,NA,NA,NA,NA,NA,NA
intuit,intuition,nomlex,NA,NA,NA,NA,NA,NA
depict,depiction,nomlex,NA,NA,NA,NA,NA,NA
expand,expansion,nomlex,NA,NA,NA,NA,NA,NA
insure,insurance,nomlex,NA,NA,NA,NA,NA,NA
insure,insurer,nomlex,NA,NA,NA,NA,NA,NA
consign,consignee,nomlex,NA,NA,NA,NA,NA,NA
consign,consignment,nomlex,NA,NA,NA,NA,NA,NA
retard,retardation,nomlex,NA,NA,NA,NA,NA,NA
argue,argument,nomlex,NA,NA,NA,NA,NA,NA
fascinate,fascination,nomlex,NA,NA,NA,NA,NA,NA
rearm,rearmament,nomlex,NA,NA,NA,NA,NA,NA
mention,mention,nomlex,NA,NA,NA,NA,NA,NA
ranch,rancher,nomlex,NA,NA,NA,NA,NA,NA
inherit,inheritance,nomlex,NA,NA,NA,NA,NA,NA
honor,honoree,nomlex,NA,NA,NA,NA,NA,NA
contact,contact,nomlex,NA,NA,NA,NA,NA,NA
command,command,nomlex,NA,NA,NA,NA,NA,NA
command,commander,nomlex,NA,NA,NA,NA,NA,NA
withdraw,withdrawal,nomlex,NA,NA,NA,NA,NA,NA
coordinate,coordination,nomlex,NA,NA,NA,NA,NA,NA
diversify,diversification,nomlex,NA,NA,NA,NA,NA,NA
justify,justification,nomlex,NA,NA,NA,NA,NA,NA
bereave,bereavement,nomlex,NA,NA,NA,NA,NA,NA
abstain,abstention,nomlex,NA,NA,NA,NA,NA,NA
appease,appeasement,nomlex,NA,NA,NA,NA,NA,NA
excise,excision,nomlex,NA,NA,NA,NA,NA,NA
ratify,ratification,nomlex,NA,NA,NA,NA,NA,NA
distribute,distribution,nomlex,NA,NA,NA,NA,NA,NA
amalgamate,amalgamation,nomlex,NA,NA,NA,NA,NA,NA
interrupt,interruption,nomlex,NA,NA,NA,NA,NA,NA
select,selection,nomlex,NA,NA,NA,NA,NA,NA
cease,cessation,nomlex,NA,NA,NA,NA,NA,NA
disperse,dispersal,nomlex,NA,NA,NA,NA,NA,NA
disperse,dispersion,nomlex,NA,NA,NA,NA,NA,NA
love,love,nomlex,NA,NA,NA,NA,NA,NA
love,lover,nomlex,NA,NA,NA,NA,NA,NA
abolish,abolition,nomlex,NA,NA,NA,NA,NA,NA
modulate,modulation,nomlex,NA,NA,NA,NA,NA,NA
down,downing,nomlex,NA,NA,NA,NA,NA,NA
console,consolation,nomlex,NA,NA,NA,NA,NA,NA
revive,revival,nomlex,NA,NA,NA,NA,NA,NA
disseminate,dissemination,nomlex,NA,NA,NA,NA,NA,NA
supply,supplier,nomlex,NA,NA,NA,NA,NA,NA
discuss,discussion,nomlex,NA,NA,NA,NA,NA,NA
allude,allusion,nomlex,NA,NA,NA,NA,NA,NA
add,addition,nomlex,NA,NA,NA,NA,NA,NA
combine,combination,nomlex,NA,NA,NA,NA,NA,NA
defray,defrayal,nomlex,NA,NA,NA,NA,NA,NA
exempt,exemption,nomlex,NA,NA,NA,NA,NA,NA
tax,taxation,nomlex,NA,NA,NA,NA,NA,NA
disrupt,disruption,nomlex,NA,NA,NA,NA,NA,NA
enact,enactment,nomlex,NA,NA,NA,NA,NA,NA
designate,designation,nomlex,NA,NA,NA,NA,NA,NA
opt,option,nomlex,NA,NA,NA,NA,NA,NA
race,race,nomlex,NA,NA,NA,NA,NA,NA
magnify,magnification,nomlex,NA,NA,NA,NA,NA,NA
miscalculate,miscalculation,nomlex,NA,NA,NA,NA,NA,NA
read,reader,nomlex,NA,NA,NA,NA,NA,NA
evaluate,evaluation,nomlex,NA,NA,NA,NA,NA,NA
bid,bidder,nomlex,NA,NA,NA,NA,NA,NA
discontinue,discontinuance,nomlex,NA,NA,NA,NA,NA,NA
displace,displacement,nomlex,NA,NA,NA,NA,NA,NA
test,test,nomlex,NA,NA,NA,NA,NA,NA
redeem,redemption,nomlex,NA,NA,NA,NA,NA,NA
presume,presumption,nomlex,NA,NA,NA,NA,NA,NA
supervise,supervision,nomlex,NA,NA,NA,NA,NA,NA
judge,judgment,nomlex,NA,NA,NA,NA,NA,NA
replace,replacement,nomlex,NA,NA,NA,NA,NA,NA
paint,painter,nomlex,NA,NA,NA,NA,NA,NA
review,review,nomlex,NA,NA,NA,NA,NA,NA
desire,desire,nomlex,NA,NA,NA,NA,NA,NA
rotate,rotation,nomlex,NA,NA,NA,NA,NA,NA
confront,confrontation,nomlex,NA,NA,NA,NA,NA,NA
hunt,hunter,nomlex,NA,NA,NA,NA,NA,NA
manifest,manifestation,nomlex,NA,NA,NA,NA,NA,NA
lose,loss,nomlex,NA,NA,NA,NA,NA,NA
collect,collection,nomlex,NA,NA,NA,NA,NA,NA
benefit,beneficiary,nomlex,NA,NA,NA,NA,NA,NA
continue,continuation,nomlex,NA,NA,NA,NA,NA,NA
contradict,contradiction,nomlex,NA,NA,NA,NA,NA,NA
augur,augury,nomlex,NA,NA,NA,NA,NA,NA
fulfil,fulfillment,nomlex,NA,NA,NA,NA,NA,NA
centralize,centralization,nomlex,NA,NA,NA,NA,NA,NA
deduct,deduction1,nomlex,NA,NA,NA,NA,NA,NA
deal,deal,nomlex,NA,NA,NA,NA,NA,NA
deal,dealer,nomlex,NA,NA,NA,NA,NA,NA
flatter,flattery,nomlex,NA,NA,NA,NA,NA,NA
ascend,ascent,nomlex,NA,NA,NA,NA,NA,NA
impeach,impeachment,nomlex,NA,NA,NA,NA,NA,NA
revel,revelry,nomlex,NA,NA,NA,NA,NA,NA
deduce,deduction2,nomlex,NA,NA,NA,NA,NA,NA
export,exporter,nomlex,NA,NA,NA,NA,NA,NA
accelerate,acceleration,nomlex,NA,NA,NA,NA,NA,NA
convey,conveyance,nomlex,NA,NA,NA,NA,NA,NA
escape,escapee,nomlex,NA,NA,NA,NA,NA,NA
reconsider,reconsideration,nomlex,NA,NA,NA,NA,NA,NA
advertise,advertisement,nomlex,NA,NA,NA,NA,NA,NA
modernize,modernization,nomlex,NA,NA,NA,NA,NA,NA
transport,transportation,nomlex,NA,NA,NA,NA,NA,NA
congratulate,congratulation,nomlex,NA,NA,NA,NA,NA,NA
lead,leader,nomlex,NA,NA,NA,NA,NA,NA
confirm,confirmation,nomlex,NA,NA,NA,NA,NA,NA
avoid,avoidance,nomlex,NA,NA,NA,NA,NA,NA
rehearse,rehearsal,nomlex,NA,NA,NA,NA,NA,NA
reinvest,reinvestment,nomlex,NA,NA,NA,NA,NA,NA
resonate,resonance,nomlex,NA,NA,NA,NA,NA,NA
allocate,allocation,nomlex,NA,NA,NA,NA,NA,NA
drudge,drudgery,nomlex,NA,NA,NA,NA,NA,NA
convict,conviction,nomlex,NA,NA,NA,NA,NA,NA
moderate,moderation,nomlex,NA,NA,NA,NA,NA,NA
invade,invasion,nomlex,NA,NA,NA,NA,NA,NA
refer,referee2,nomlex,NA,NA,NA,NA,NA,NA
refer,referral,nomlex,NA,NA,NA,NA,NA,NA
hinder,hindrances,nomlex,NA,NA,NA,NA,NA,NA
revise,revision,nomlex,NA,NA,NA,NA,NA,NA
rub,rubber,nomlex,NA,NA,NA,NA,NA,NA
arraign,arraignment,nomlex,NA,NA,NA,NA,NA,NA
communicate,communication,nomlex,NA,NA,NA,NA,NA,NA
slaughter,slaughter,nomlex,NA,NA,NA,NA,NA,NA
procure,procurement,nomlex,NA,NA,NA,NA,NA,NA
market,marketer,nomlex,NA,NA,NA,NA,NA,NA
expire,expiration,nomlex,NA,NA,NA,NA,NA,NA
assemble,assembly,nomlex,NA,NA,NA,NA,NA,NA
bury,burial,nomlex,NA,NA,NA,NA,NA,NA
rearrange,rearrangement,nomlex,NA,NA,NA,NA,NA,NA
incline,inclination,nomlex,NA,NA,NA,NA,NA,NA
conceal,concealment,nomlex,NA,NA,NA,NA,NA,NA
recollect,recollection,nomlex,NA,NA,NA,NA,NA,NA
range,range,nomlex,NA,NA,NA,NA,NA,NA
act,action,nomlex,NA,NA,NA,NA,NA,NA
commit,commitment,nomlex,NA,NA,NA,NA,NA,NA
encamp,encampment,nomlex,NA,NA,NA,NA,NA,NA
rebut,rebuttal,nomlex,NA,NA,NA,NA,NA,NA
block,blockage,nomlex,NA,NA,NA,NA,NA,NA
block,blocking,nomlex,NA,NA,NA,NA,NA,NA
accredit,accreditation,nomlex,NA,NA,NA,NA,NA,NA
repair,reparation,nomlex,NA,NA,NA,NA,NA,NA
own,owner,nomlex,NA,NA,NA,NA,NA,NA
depose,deposition,nomlex,NA,NA,NA,NA,NA,NA
visit,visit,nomlex,NA,NA,NA,NA,NA,NA
reassess,reassessment,nomlex,NA,NA,NA,NA,NA,NA
administer,administration,nomlex,NA,NA,NA,NA,NA,NA
appropriate,appropriation,nomlex,NA,NA,NA,NA,NA,NA
congregate,congregation,nomlex,NA,NA,NA,NA,NA,NA
promise,promise,nomlex,NA,NA,NA,NA,NA,NA
apologize,apology,nomlex,NA,NA,NA,NA,NA,NA
negate,negation,nomlex,NA,NA,NA,NA,NA,NA
retrieve,retrieval,nomlex,NA,NA,NA,NA,NA,NA
emigrate,emigration,nomlex,NA,NA,NA,NA,NA,NA
co-opt,co-optation,nomlex,NA,NA,NA,NA,NA,NA
rely,reliance,nomlex,NA,NA,NA,NA,NA,NA
rival,rivalry,nomlex,NA,NA,NA,NA,NA,NA
propel,propellant,nomlex,NA,NA,NA,NA,NA,NA
prepare,preparation,nomlex,NA,NA,NA,NA,NA,NA
connote,connotation,nomlex,NA,NA,NA,NA,NA,NA
transfer,transferee,nomlex,NA,NA,NA,NA,NA,NA
support,support,nomlex,NA,NA,NA,NA,NA,NA
question,question,nomlex,NA,NA,NA,NA,NA,NA
condense,condensation,nomlex,NA,NA,NA,NA,NA,NA
submit,submission,nomlex,NA,NA,NA,NA,NA,NA
fight,fight,nomlex,NA,NA,NA,NA,NA,NA
fight,fighter,nomlex,NA,NA,NA,NA,NA,NA
occupy,occupation,nomlex,NA,NA,NA,NA,NA,NA
comport,comportment,nomlex,NA,NA,NA,NA,NA,NA
analyze,analysis,nomlex,NA,NA,NA,NA,NA,NA
war,war,nomlex,NA,NA,NA,NA,NA,NA
treat,treatment,nomlex,NA,NA,NA,NA,NA,NA
manufacture,manufacturer,nomlex,NA,NA,NA,NA,NA,NA
extort,extortion,nomlex,NA,NA,NA,NA,NA,NA
head,head,nomlex,NA,NA,NA,NA,NA,NA
buy,buyer,nomlex,NA,NA,NA,NA,NA,NA
complete,completion,nomlex,NA,NA,NA,NA,NA,NA
form,formation,nomlex,NA,NA,NA,NA,NA,NA
offer,offer,nomlex,NA,NA,NA,NA,NA,NA
pronounce,pronouncement,nomlex,NA,NA,NA,NA,NA,NA
converse,conversation,nomlex,NA,NA,NA,NA,NA,NA
deny,denial,nomlex,NA,NA,NA,NA,NA,NA
evacuate,evacuation,nomlex,NA,NA,NA,NA,NA,NA
evacuate,evacuee,nomlex,NA,NA,NA,NA,NA,NA
admonish,admonition,nomlex,NA,NA,NA,NA,NA,NA
heat,heater,nomlex,NA,NA,NA,NA,NA,NA
annul,annulment,nomlex,NA,NA,NA,NA,NA,NA
gain,gain,nomlex,NA,NA,NA,NA,NA,NA
syndicate,syndication,nomlex,NA,NA,NA,NA,NA,NA
promote,promotion,nomlex,NA,NA,NA,NA,NA,NA
probate,probation,nomlex,NA,NA,NA,NA,NA,NA
emancipate,emancipation,nomlex,NA,NA,NA,NA,NA,NA
humiliate,humiliation,nomlex,NA,NA,NA,NA,NA,NA
count,countdown,nomlex,NA,NA,NA,NA,NA,NA
count,counter,nomlex,NA,NA,NA,NA,NA,NA
absent,absentee,nomlex,NA,NA,NA,NA,NA,NA
hire,hiring,nomlex,NA,NA,NA,NA,NA,NA
compute,computation,nomlex,NA,NA,NA,NA,NA,NA
compute,computer,nomlex,NA,NA,NA,NA,NA,NA
annihilate,annihilation,nomlex,NA,NA,NA,NA,NA,NA
denominate,denomination,nomlex,NA,NA,NA,NA,NA,NA
fabricate,fabrication,nomlex,NA,NA,NA,NA,NA,NA
take,take-off,nomlex,NA,NA,NA,NA,NA,NA
take,takeoff,nomlex,NA,NA,NA,NA,NA,NA
take,takeout,nomlex,NA,NA,NA,NA,NA,NA
take,takeover,nomlex,NA,NA,NA,NA,NA,NA
intern,internee,nomlex,NA,NA,NA,NA,NA,NA
distract,distraction,nomlex,NA,NA,NA,NA,NA,NA
record,record,nomlex,NA,NA,NA,NA,NA,NA
record,recorder,nomlex,NA,NA,NA,NA,NA,NA
overpay,overpayment,nomlex,NA,NA,NA,NA,NA,NA
limit,limitation,nomlex,NA,NA,NA,NA,NA,NA
decorate,decoration,nomlex,NA,NA,NA,NA,NA,NA
demonstrate,demonstration,nomlex,NA,NA,NA,NA,NA,NA
agree,agreement,nomlex,NA,NA,NA,NA,NA,NA
appraise,appraisal,nomlex,NA,NA,NA,NA,NA,NA
saturate,saturation,nomlex,NA,NA,NA,NA,NA,NA
reconcile,reconciliation,nomlex,NA,NA,NA,NA,NA,NA
devise,devisee,nomlex,NA,NA,NA,NA,NA,NA
recognize,recognition,nomlex,NA,NA,NA,NA,NA,NA
abstract,abstraction,nomlex,NA,NA,NA,NA,NA,NA
contribute,contribution,nomlex,NA,NA,NA,NA,NA,NA
influence,influence,nomlex,NA,NA,NA,NA,NA,NA
evidence,evidence,nomlex,NA,NA,NA,NA,NA,NA
examine,examination,nomlex,NA,NA,NA,NA,NA,NA
examine,examiner,nomlex,NA,NA,NA,NA,NA,NA
referee,referee1,nomlex,NA,NA,NA,NA,NA,NA
view,view,nomlex,NA,NA,NA,NA,NA,NA
ship,shipment,nomlex,NA,NA,NA,NA,NA,NA
animate,animation,nomlex,NA,NA,NA,NA,NA,NA
film,film,nomlex,NA,NA,NA,NA,NA,NA
liberalize,liberalization,nomlex,NA,NA,NA,NA,NA,NA
discriminate,discrimination,nomlex,NA,NA,NA,NA,NA,NA
adjudicate,adjudication,nomlex,NA,NA,NA,NA,NA,NA
index,index,nomlex,NA,NA,NA,NA,NA,NA
index,indexation,nomlex,NA,NA,NA,NA,NA,NA
mimic,mimicry,nomlex,NA,NA,NA,NA,NA,NA
repent,repentance,nomlex,NA,NA,NA,NA,NA,NA
detain,detainee,nomlex,NA,NA,NA,NA,NA,NA
detain,detention,nomlex,NA,NA,NA,NA,NA,NA
inject,injection,nomlex,NA,NA,NA,NA,NA,NA
desecrate,desecration,nomlex,NA,NA,NA,NA,NA,NA
reimburse,reimbursement,nomlex,NA,NA,NA,NA,NA,NA
forge,forgery,nomlex,NA,NA,NA,NA,NA,NA
gyrate,gyration,nomlex,NA,NA,NA,NA,NA,NA
assassinate,assassination,nomlex,NA,NA,NA,NA,NA,NA
confine,confinement,nomlex,NA,NA,NA,NA,NA,NA
deviate,deviation,nomlex,NA,NA,NA,NA,NA,NA
mock,mockery,nomlex,NA,NA,NA,NA,NA,NA
orate,oratory,nomlex,NA,NA,NA,NA,NA,NA
picture,picture,nomlex,NA,NA,NA,NA,NA,NA
proliferate,proliferation,nomlex,NA,NA,NA,NA,NA,NA
repeat,repetition,nomlex,NA,NA,NA,NA,NA,NA
intend,intention,nomlex,NA,NA,NA,NA,NA,NA
lend,lender,nomlex,NA,NA,NA,NA,NA,NA
oblige,obligation,nomlex,NA,NA,NA,NA,NA,NA
impress,impression,nomlex,NA,NA,NA,NA,NA,NA
resign,resignation,nomlex,NA,NA,NA,NA,NA,NA
frustrate,frustration,nomlex,NA,NA,NA,NA,NA,NA
democratize,democratization,nomlex,NA,NA,NA,NA,NA,NA
entrust,trustee,nomlex,NA,NA,NA,NA,NA,NA
derail,derailment,nomlex,NA,NA,NA,NA,NA,NA
appoint,appointee,nomlex,NA,NA,NA,NA,NA,NA
appoint,appointment,nomlex,NA,NA,NA,NA,NA,NA
assume,assumption,nomlex,NA,NA,NA,NA,NA,NA
fertilize,fertilizer,nomlex,NA,NA,NA,NA,NA,NA
rule,rule,nomlex,NA,NA,NA,NA,NA,NA
rule,ruling,nomlex,NA,NA,NA,NA,NA,NA
impair,impairment,nomlex,NA,NA,NA,NA,NA,NA
observe,observance,nomlex,NA,NA,NA,NA,NA,NA
observe,observation,nomlex,NA,NA,NA,NA,NA,NA
observe,observer,nomlex,NA,NA,NA,NA,NA,NA
compete,competition,nomlex,NA,NA,NA,NA,NA,NA
bribe,bribery,nomlex,NA,NA,NA,NA,NA,NA
parole,parolee,nomlex,NA,NA,NA,NA,NA,NA
